Y,X,uuid,kreis_name,kreis_schluessel,gemeindeverband_name,gemeindeverband_schluessel,gemeinde_name,gemeinde_schluessel,gemeindeteil_name,gemeindeteil_schluessel,strasse_name,strasse_schluessel,hausnummer,hausnummer_zusatz,postleitzahl
54.129722956599096,11.979654117599358,91eda0c4-f580-11e4-a719-0050569b7e95,Landkreis Rostock,13072,Amt Bad Doberan-Land,130725251,Admannshagen-Bargeshagen,130725251001,Admannshagen,,,,,,
54.128120242237621,11.980192952530135,91edb582-f580-11e4-a71a-0050569b7e95,Landkreis Rostock,13072,Amt Bad Doberan-Land,130725251,Admannshagen-Bargeshagen,130725251001,Admannshagen,,,,,,
54.124937942762543,11.98127672098992,91edbf50-f580-11e4-a71b-0050569b7e95,Landkreis Rostock,13072,Amt Bad Doberan-Land,130725251,Admannshagen-Bargeshagen,130725251001,Bargeshagen,,,,,,
54.126550118932734,11.980755210087313,91edca72-f580-11e4-a71c-0050569b7e95,Landkreis Rostock,13072,Amt Bad Doberan-Land,130725251,Admannshagen-Bargeshagen,130725251001,Bargeshagen,,,,,,
54.130704123229613,11.975492382011097,91edd6ca-f580-11e4-a71d-0050569b7e95,Landkreis Rostock,13072,Amt Bad Doberan-Land,130725251,Admannshagen-Bargeshagen,130725251001,Admannshagen,,,,,,
54.120374549870462,12.231070029326283,91ede07a-f580-11e4-a71e-0050569b7e95,Landkreis Rostock,13072,Amt Rostocker Heide,130725260,Bentwisch,130725260012,Bentwisch,,,,,,
54.123102027163199,12.237300922912874,91edee80-f580-11e4-a71f-0050569b7e95,Landkreis Rostock,13072,Amt Rostocker Heide,130725260,Bentwisch,130725260012,Bentwisch,,,,,,
54.125023619539334,12.236977033025926,91edfaec-f580-11e4-a720-0050569b7e95,Landkreis Rostock,13072,Amt Rostocker Heide,130725260,Bentwisch,130725260012,Bentwisch,,,,,,
54.120645555440916,12.236027325635236,91ee10ea-f580-11e4-a721-0050569b7e95,Landkreis Rostock,13072,Amt Rostocker Heide,130725260,Bentwisch,130725260012,Albertsdorf,,,,,,
54.149156516829571,11.932082807988216,91ee20a8-f580-11e4-a722-0050569b7e95,Landkreis Rostock,13072,Amt Bad Doberan-Land,130725251,Börgerende-Rethwisch,130725251017,Rethwisch,,,,,,
54.14731796958818,11.932205994593488,91ee2f08-f580-11e4-a723-0050569b7e95,Landkreis Rostock,13072,Amt Bad Doberan-Land,130725251,Börgerende-Rethwisch,130725251017,Rethwisch,,,,,,
54.150979937954496,11.931932586809356,91ee3a48-f580-11e4-a724-0050569b7e95,Landkreis Rostock,13072,Amt Bad Doberan-Land,130725251,Börgerende-Rethwisch,130725251017,Rethwisch,,,,,,
53.768007077970644,12.111869291966615,91ee44de-f580-11e4-a725-0050569b7e95,Landkreis Rostock,13072,Amt Güstrow-Land,130725255,Gutow,130725255044,Bülow,,,,,,
53.76694407919134,12.11482146219349,91ee4cc2-f580-11e4-a726-0050569b7e95,Landkreis Rostock,13072,Amt Güstrow-Land,130725255,Gutow,130725255044,Bülow,,,,,,
53.82167592153391,12.500642764694641,91ee59a6-f580-11e4-a727-0050569b7e95,Landkreis Rostock,13072,Amt Mecklenburgische Schweiz,130725258,Dalkendorf,130725258024,Amalienhof,,,,,,
54.167402378402436,11.990432884758979,91eea4e2-f580-11e4-a72e-0050569b7e95,Landkreis Rostock,13072,Amt Warnow-West,130725263,Elmenhorst/Lichtenhagen,130725263030,Elmenhorst,,,,,,
54.166269249241644,11.991370992087967,91eeadfc-f580-11e4-a72f-0050569b7e95,Landkreis Rostock,13072,Amt Warnow-West,130725263,Elmenhorst/Lichtenhagen,130725263030,Elmenhorst,,,,,,
54.168544313178913,11.989512684629611,91eeb6a8-f580-11e4-a730-0050569b7e95,Landkreis Rostock,13072,Amt Warnow-West,130725263,Elmenhorst/Lichtenhagen,130725263030,Elmenhorst,,,,,,
54.16400297085945,11.993213650423929,91eec86e-f580-11e4-a732-0050569b7e95,Landkreis Rostock,13072,Amt Warnow-West,130725263,Elmenhorst/Lichtenhagen,130725263030,Elmenhorst,,,,,,
54.165135638548811,11.992284803507557,91eed138-f580-11e4-a733-0050569b7e95,Landkreis Rostock,13072,Amt Warnow-West,130725263,Elmenhorst/Lichtenhagen,130725263030,Elmenhorst,,,,,,
54.105509503410467,12.251082080955308,91eede76-f580-11e4-a734-0050569b7e95,Landkreis Rostock,13072,Amt Carbäk,130725253,Broderstorf,130725253019,Fienstorf,,,,,,
53.915327807320587,12.001338128189944,91ef22be-f580-11e4-a739-0050569b7e95,Landkreis Rostock,13072,Amt Schwaan,130725261,"Schwaan, Stadt",130725261095,Hof Tatschow,,,,,,
53.916869982279806,12.002213074894359,91ef3358-f580-11e4-a73a-0050569b7e95,Landkreis Rostock,13072,Amt Schwaan,130725261,"Schwaan, Stadt",130725261095,Hof Tatschow,,,,,,
54.105750866856575,11.694960658536129,91ef3dee-f580-11e4-a73b-0050569b7e95,Landkreis Rostock,13072,Amt Neubukow-Salzhaff,130725259,Bastorf,130725259008,Wendelstorf,,,,,,
54.112848621911482,11.693613923432682,91ef4668-f580-11e4-a73c-0050569b7e95,Landkreis Rostock,13072,Amt Neubukow-Salzhaff,130725259,Bastorf,130725259008,Mechelsdorf,,,,,,
54.111156760291301,11.69362777672915,91ef4f78-f580-11e4-a73d-0050569b7e95,Landkreis Rostock,13072,Amt Neubukow-Salzhaff,130725259,Bastorf,130725259008,Wendelstorf,,,,,,
54.109649624084859,11.694831737033354,91ef552c-f580-11e4-a73e-0050569b7e95,Landkreis Rostock,13072,Amt Neubukow-Salzhaff,130725259,Bastorf,130725259008,Wendelstorf,,,,,,
54.107471977004174,11.694801048245326,91ef5ce8-f580-11e4-a73f-0050569b7e95,Landkreis Rostock,13072,Amt Neubukow-Salzhaff,130725259,Bastorf,130725259008,Wendelstorf,,,,,,
54.112455324179585,12.258135617547353,ca61f5e4-d163-11e5-94ea-0050569b7e95,Landkreis Rostock,13072,Amt Carbäk,130725253,Klein Kussewitz,130725253054,Groß Kussewitz,,,,,,
54.110951417260445,12.252685476070315,e254eeca-d3c2-11e5-9694-0050569b7e95,Landkreis Rostock,13072,Amt Carbäk,130725253,Klein Kussewitz,130725253054,Groß Kussewitz,,,,,,
54.107841988972346,12.252720449997481,e284a30e-d3c2-11e5-9695-0050569b7e95,Landkreis Rostock,13072,Amt Carbäk,130725253,Broderstorf,130725253019,Fienstorf,,,,,,
54.16773567319035,12.015740044707213,91ee7346-f580-11e4-a729-0050569b7e95,Rostock,13003,"Rostock, Hansestadt",130030001,"Rostock, Hansestadt",130030001000,Diedrichshagen,0002,,,,,
54.025704734862444,12.363965721098253,91eef0be-f580-11e4-a736-0050569b7e95,Landkreis Rostock,13072,Sanitz,130720218,Sanitz,130720218091,Gubkow,,,,,,
54.022514021254686,12.355980637958901,91ef025c-f580-11e4-a737-0050569b7e95,Landkreis Rostock,13072,Sanitz,130720218,Sanitz,130720218091,Gubkow,,,,,,
54.002656165177754,11.950803434717951,91ef145e-f580-11e4-a738-0050569b7e95,Landkreis Rostock,13072,Satow,130720219,Satow,130720219093,Heiligenhagen,,,,,,
54.105121074158141,12.246711529253412,e29c1c5a-d3c2-11e5-9696-0050569b7e95,Landkreis Rostock,13072,Amt Rostocker Heide,130725260,Bentwisch,130725260012,Albertsdorf,,,,,,
54.005759284555012,11.953996576585681,dc37d8c4-d3c5-11e5-9697-0050569b7e95,Landkreis Rostock,13072,Satow,130720219,Satow,130720219093,Heiligenhagen,,,,,,
53.965985841265557,11.903053789584998,91efc138-f580-11e4-a746-0050569b7e95,Landkreis Rostock,13072,Amt Bützow-Land,130725252,Jürgenshagen,130725252050,Wokrent,,,,,,
53.964211573006686,11.897855762711105,91efcbc4-f580-11e4-a747-0050569b7e95,Landkreis Rostock,13072,Amt Bützow-Land,130725252,Jürgenshagen,130725252050,Jürgenshagen,,,,,,
53.968916917616809,11.90377621347672,91efda92-f580-11e4-a748-0050569b7e95,Landkreis Rostock,13072,Amt Bützow-Land,130725252,Jürgenshagen,130725252050,Wokrent,,,,,,
53.967121434835889,11.898438326830787,91efe532-f580-11e4-a749-0050569b7e95,Landkreis Rostock,13072,Amt Bützow-Land,130725252,Jürgenshagen,130725252050,Jürgenshagen,,,,,,
53.965675929323865,11.893525694214587,91eff5ea-f580-11e4-a74a-0050569b7e95,Landkreis Rostock,13072,Amt Bützow-Land,130725252,Jürgenshagen,130725252050,Jürgenshagen,,,,,,
53.967460560838077,11.889772853887226,91f0010c-f580-11e4-a74b-0050569b7e95,Landkreis Rostock,13072,Amt Bützow-Land,130725252,Jürgenshagen,130725252050,Jürgenshagen,,,,,,
53.968704154366257,11.894325542049364,91f01336-f580-11e4-a74c-0050569b7e95,Landkreis Rostock,13072,Amt Bützow-Land,130725252,Jürgenshagen,130725252050,Jürgenshagen,,,,,,
53.970525131636798,11.899319323561386,91f027c2-f580-11e4-a74d-0050569b7e95,Landkreis Rostock,13072,Amt Bützow-Land,130725252,Jürgenshagen,130725252050,Wokrent,,,,,,
53.999673625647922,11.952361745626318,dc498cb8-d3c5-11e5-9698-0050569b7e95,Landkreis Rostock,13072,Satow,130720219,Satow,130720219093,Heiligenhagen,,,,,,
53.997571495988637,11.947848263343024,dc5e44e6-d3c5-11e5-9699-0050569b7e95,Landkreis Rostock,13072,Satow,130720219,Satow,130720219093,Heiligenhagen,,,,,,
54.002786938238451,11.957032923943183,dc74234c-d3c5-11e5-969a-0050569b7e95,Landkreis Rostock,13072,Satow,130720219,Satow,130720219093,Klein Bölkow,,,,,,
53.994356127526984,11.94988567735842,59f629e6-d3c6-11e5-969b-0050569b7e95,Landkreis Rostock,13072,Satow,130720219,Satow,130720219093,Heiligenhagen,,,,,,
53.991230004991309,11.942583338208658,5a0c8934-d3c6-11e5-969c-0050569b7e95,Landkreis Rostock,13072,Satow,130720219,Satow,130720219093,Heiligenhagen,,,,,,
53.987695321945559,11.939562375734473,5a2233d8-d3c6-11e5-969d-0050569b7e95,Landkreis Rostock,13072,Satow,130720219,Satow,130720219093,Hohen Luckow,,,,,,
53.97629558225595,11.698979408824997,91f08f00-f580-11e4-a756-0050569b7e95,Landkreis Rostock,13072,Amt Neubukow-Salzhaff,130725259,Kirch Mulsow,130725259052,Kirch Mulsow,,,,,,
53.975433327825769,11.694178555625518,91f09d60-f580-11e4-a757-0050569b7e95,Landkreis Rostock,13072,Amt Neubukow-Salzhaff,130725259,Kirch Mulsow,130725259052,Kirch Mulsow,,,,,,
53.888370613957832,11.813008455818363,91f0aff8-f580-11e4-a758-0050569b7e95,Landkreis Rostock,13072,Amt Bützow-Land,130725252,Jürgenshagen,130725252050,Klein Sien,,,,,,
53.868519639822139,12.225876362886057,91f0bb92-f580-11e4-a759-0050569b7e95,Landkreis Rostock,13072,Amt Güstrow-Land,130725255,Kuhs,130725255061,Kuhs,,,,,,
53.86250632116095,12.21660731389189,91f0c34e-f580-11e4-a75a-0050569b7e95,Landkreis Rostock,13072,Amt Güstrow-Land,130725255,Kuhs,130725255061,Kuhs,,,,,,
53.865616721130891,12.216728703734832,91f0cb64-f580-11e4-a75b-0050569b7e95,Landkreis Rostock,13072,Amt Güstrow-Land,130725255,Kuhs,130725255061,Kuhs,,,,,,
53.859904675234603,12.219024273335052,91f0d32a-f580-11e4-a75c-0050569b7e95,Landkreis Rostock,13072,Amt Güstrow-Land,130725255,Kuhs,130725255061,Kuhs,,,,,,
53.857436053918697,12.217190928628131,91f0db7c-f580-11e4-a75d-0050569b7e95,Landkreis Rostock,13072,Amt Güstrow-Land,130725255,Kuhs,130725255061,Kuhs,,,,,,
53.855313170496174,12.219660700771108,91f0e338-f580-11e4-a75e-0050569b7e95,Landkreis Rostock,13072,Amt Güstrow-Land,130725255,Kuhs,130725255061,Kuhs,,,,,,
53.857763806579328,12.221534213421064,91f0ea72-f580-11e4-a75f-0050569b7e95,Landkreis Rostock,13072,Amt Güstrow-Land,130725255,Kuhs,130725255061,Kuhs,,,,,,
53.860213027160853,12.223388627185544,91f0f21a-f580-11e4-a760-0050569b7e95,Landkreis Rostock,13072,Amt Güstrow-Land,130725255,Kuhs,130725255061,Kuhs,,,,,,
53.879313918517397,11.954949144256867,91f0fc74-f580-11e4-a761-0050569b7e95,Landkreis Rostock,13072,Amt Bützow-Land,130725252,Bernitt,130725252013,Langen Trechow,,,,,,
53.878699879400699,11.952140284930515,91f10e4e-f580-11e4-a762-0050569b7e95,Landkreis Rostock,13072,Amt Bützow-Land,130725252,Bernitt,130725252013,Langen Trechow,,,,,,
53.880195642300457,11.949006310437895,91f11d76-f580-11e4-a763-0050569b7e95,Landkreis Rostock,13072,Amt Bützow-Land,130725252,Bernitt,130725252013,Langen Trechow,,,,,,
53.852669250173314,12.12635307889972,91f12b72-f580-11e4-a764-0050569b7e95,Landkreis Rostock,13072,Amt Güstrow-Land,130725255,Mistorf,130725255071,Augustenruh,,,,,,
53.859119223206001,12.119239274676575,91f136a8-f580-11e4-a765-0050569b7e95,Landkreis Rostock,13072,Amt Güstrow-Land,130725255,Mistorf,130725255071,Goldewin,,,,,,
53.873656641109733,12.121685418109697,91f142e2-f580-11e4-a766-0050569b7e95,Landkreis Rostock,13072,Amt Güstrow-Land,130725255,Mistorf,130725255071,Goldewin,,,,,,
53.861642532059626,12.115029598563396,91f14f26-f580-11e4-a767-0050569b7e95,Landkreis Rostock,13072,Amt Güstrow-Land,130725255,Groß Schwiesow,130725255039,Groß Schwiesow,,,,,,
53.87165247188549,12.113919675258176,91f15926-f580-11e4-a768-0050569b7e95,Landkreis Rostock,13072,Amt Güstrow-Land,130725255,Mistorf,130725255071,Goldewin,,,,,,
53.850436721180991,12.129772855745262,91f164a2-f580-11e4-a769-0050569b7e95,Landkreis Rostock,13072,Amt Güstrow-Land,130725255,Mistorf,130725255071,Augustenruh,,,,,,
53.863707206612311,12.118664576599386,91f16e2a-f580-11e4-a76a-0050569b7e95,Landkreis Rostock,13072,Amt Güstrow-Land,130725255,Mistorf,130725255071,Goldewin,,,,,,
53.868930956415333,12.111966411442797,91f17dd4-f580-11e4-a76b-0050569b7e95,Landkreis Rostock,13072,Amt Güstrow-Land,130725255,Mistorf,130725255071,Goldewin,,,,,,
53.982179345214668,11.934654949793945,5a317bfe-d3c6-11e5-969e-0050569b7e95,Landkreis Rostock,13072,Satow,130720219,Satow,130720219093,Hohen Luckow,,,,,,
53.866120104454275,12.113916272039287,91f189c8-f580-11e4-a76c-0050569b7e95,Landkreis Rostock,13072,Amt Güstrow-Land,130725255,Mistorf,130725255071,Goldewin,,,,,,
54.028958406851984,12.194375863114535,91ef87b8-f580-11e4-a742-0050569b7e95,Landkreis Rostock,13072,Dummerstorf,130720212,Dummerstorf,130720212029,Hohen Schwarfs,,,,,,
53.862713497124375,12.110179476489515,91f19436-f580-11e4-a76d-0050569b7e95,Landkreis Rostock,13072,Amt Güstrow-Land,130725255,Groß Schwiesow,130725255039,Groß Schwiesow,,,,,,
53.858063695986552,12.110322943880776,91f19e40-f580-11e4-a76e-0050569b7e95,Landkreis Rostock,13072,Amt Güstrow-Land,130725255,Groß Schwiesow,130725255039,Groß Schwiesow,,,,,,
53.860234408141139,12.108061322826412,91f1acb4-f580-11e4-a76f-0050569b7e95,Landkreis Rostock,13072,Amt Güstrow-Land,130725255,Groß Schwiesow,130725255039,Groß Schwiesow,,,,,,
53.855864180920058,12.113199689872543,91f1b470-f580-11e4-a770-0050569b7e95,Landkreis Rostock,13072,Amt Güstrow-Land,130725255,Groß Schwiesow,130725255039,Groß Schwiesow,,,,,,
53.853275214638032,12.120644032544122,91f1c370-f580-11e4-a771-0050569b7e95,Landkreis Rostock,13072,Amt Güstrow-Land,130725255,Groß Schwiesow,130725255039,Groß Schwiesow,,,,,,
53.896365813656928,11.836007741241456,91f1e0a8-f580-11e4-a773-0050569b7e95,Landkreis Rostock,13072,Amt Bützow-Land,130725252,Jürgenshagen,130725252050,Moltenow,,,,,,
53.897452095102864,11.837701647378196,91f1ed46-f580-11e4-a774-0050569b7e95,Landkreis Rostock,13072,Amt Bützow-Land,130725252,Jürgenshagen,130725252050,Moltenow,,,,,,
54.003168235902216,12.033474406364491,91f20f1a-f580-11e4-a777-0050569b7e95,Landkreis Rostock,13072,Amt Warnow-West,130725263,Ziesendorf,130725263121,Nienhusen,,,,,,
54.103829281394759,12.235122610533447,91f23968-f580-11e4-a77a-0050569b7e95,Landkreis Rostock,13072,Amt Carbäk,130725253,Broderstorf,130725253019,Neuendorf,,,,,,
54.096014423282128,12.220216938292745,91f24462-f580-11e4-a77b-0050569b7e95,Landkreis Rostock,13072,Amt Carbäk,130725253,Broderstorf,130725253019,Neuendorf,,,,,,
54.101281515201201,12.231915093309746,91f24f52-f580-11e4-a77c-0050569b7e95,Landkreis Rostock,13072,Amt Carbäk,130725253,Broderstorf,130725253019,Neuendorf,,,,,,
54.099233371425498,12.221802159544596,91f25b6e-f580-11e4-a77d-0050569b7e95,Landkreis Rostock,13072,Amt Carbäk,130725253,Broderstorf,130725253019,Neuendorf,,,,,,
54.102417953336719,12.239834348860237,91f26730-f580-11e4-a77e-0050569b7e95,Landkreis Rostock,13072,Amt Carbäk,130725253,Broderstorf,130725253019,Neuendorf,,,,,,
53.915885711912125,11.921358750037635,91f27892-f580-11e4-a77f-0050569b7e95,Landkreis Rostock,13072,Amt Bützow-Land,130725252,Penzin,130725252078,Penzin,,,,,,
54.133395038179415,12.315543662572239,91f28756-f580-11e4-a780-0050569b7e95,Landkreis Rostock,13072,Amt Carbäk,130725253,Poppendorf,130725253081,Bussewitz,,,,,,
54.130742550259505,12.32105499378156,91f29430-f580-11e4-a781-0050569b7e95,Landkreis Rostock,13072,Amt Carbäk,130725253,Poppendorf,130725253081,Bussewitz,,,,,,
54.140322803088971,12.301360886815118,91f29ffc-f580-11e4-a782-0050569b7e95,Landkreis Rostock,13072,Amt Carbäk,130725253,Poppendorf,130725253081,Poppendorf,,,,,,
54.130510180731328,12.315526674481776,91f2abfa-f580-11e4-a783-0050569b7e95,Landkreis Rostock,13072,Amt Carbäk,130725253,Poppendorf,130725253081,Bussewitz,,,,,,
54.157587934638066,12.220661726626682,91f2d31e-f580-11e4-a787-0050569b7e95,Landkreis Rostock,13072,Amt Rostocker Heide,130725260,Mönchhagen,130725260072,Mönchhagen,,,,,,
53.978201984342398,11.937764682676269,5a3f2092-d3c6-11e5-969f-0050569b7e95,Landkreis Rostock,13072,Satow,130720219,Satow,130720219093,Hohen Luckow,,,,,,
53.975168316131679,11.93304556265659,5a4d2976-d3c6-11e5-96a0-0050569b7e95,Landkreis Rostock,13072,Satow,130720219,Satow,130720219093,Hohen Luckow,,,,,,
53.987784989278367,11.947363380052794,5a5ae0fc-d3c6-11e5-96a1-0050569b7e95,Landkreis Rostock,13072,Satow,130720219,Satow,130720219093,Hohen Luckow,,,,,,
53.991002746001783,11.950777799580816,5a686a2e-d3c6-11e5-96a2-0050569b7e95,Landkreis Rostock,13072,Satow,130720219,Satow,130720219093,Hohen Luckow,,,,,,
53.971326979483145,11.935082760484054,9c3241fa-d3c6-11e5-96a3-0050569b7e95,Landkreis Rostock,13072,Satow,130720219,Satow,130720219093,Hohen Luckow,,,,,,
53.973430831158069,11.946058293951781,9c4b0faa-d3c6-11e5-96a4-0050569b7e95,Landkreis Rostock,13072,Satow,130720219,Satow,130720219093,Hohen Luckow,,,,,,
53.900951649347654,12.142858264730457,91f346e6-f580-11e4-a792-0050569b7e95,Landkreis Rostock,13072,Amt Schwaan,130725261,Rukieten,130725261090,Rukieten,,,,,,
53.969979927605564,11.9441866083558,9c629698-d3c6-11e5-96a5-0050569b7e95,Landkreis Rostock,13072,Satow,130720219,Satow,130720219093,Hohen Luckow,,,,,,
53.966140144100763,11.943082506105707,9c714d46-d3c6-11e5-96a6-0050569b7e95,Landkreis Rostock,13072,Satow,130720219,Satow,130720219093,Hohen Luckow,,,,,,
53.973863657701166,11.939843094890206,b8676cdc-d3c7-11e5-96a7-0050569b7e95,Landkreis Rostock,13072,Satow,130720219,Satow,130720219093,Hohen Luckow,,,,,,
53.867895508061743,12.209677170580632,246779f2-d3ca-11e5-96a8-0050569b7e95,Landkreis Rostock,13072,Amt Güstrow-Land,130725255,Sarmstorf,130725255092,Bredentin,,,,,,
53.863876876647119,12.20522058746411,247ee1be-d3ca-11e5-96a9-0050569b7e95,Landkreis Rostock,13072,Amt Güstrow-Land,130725255,Sarmstorf,130725255092,Bredentin,,,,,,
53.862028755605309,12.20932682656654,2495bc72-d3ca-11e5-96aa-0050569b7e95,Landkreis Rostock,13072,Amt Güstrow-Land,130725255,Sarmstorf,130725255092,Bredentin,,,,,,
53.958069869021784,11.841913986971871,91f2dea4-f580-11e4-a788-0050569b7e95,Landkreis Rostock,13072,Satow,130720219,Satow,130720219093,Radegast,,,,,,
53.956444654860164,11.869867337801747,91f2ea2a-f580-11e4-a789-0050569b7e95,Landkreis Rostock,13072,Satow,130720219,Satow,130720219093,Radegast,,,,,,
53.954199411886044,11.867571001034078,91f2f696-f580-11e4-a78a-0050569b7e95,Landkreis Rostock,13072,Satow,130720219,Satow,130720219093,Radegast,,,,,,
53.765443021846927,12.018881164745606,91f3df2a-f580-11e4-a79e-0050569b7e95,Landkreis Rostock,13072,Amt Bützow-Land,130725252,Tarnow,130725252104,Tarnow,,,,,,
53.764900675667079,12.013945555669698,91f3ecc2-f580-11e4-a79f-0050569b7e95,Landkreis Rostock,13072,Amt Bützow-Land,130725252,Tarnow,130725252104,Tarnow,,,,,,
53.767479433105038,12.015434940698594,91f3f6c2-f580-11e4-a7a0-0050569b7e95,Landkreis Rostock,13072,Amt Bützow-Land,130725252,Tarnow,130725252104,Tarnow,,,,,,
53.769353650459529,12.022969470199362,91f40126-f580-11e4-a7a1-0050569b7e95,Landkreis Rostock,13072,Amt Bützow-Land,130725252,Tarnow,130725252104,Tarnow,,,,,,
53.769219430997794,12.018930468866751,91f40b44-f580-11e4-a7a2-0050569b7e95,Landkreis Rostock,13072,Amt Bützow-Land,130725252,Tarnow,130725252104,Tarnow,,,,,,
53.762931693976135,12.020439447930036,91f41526-f580-11e4-a7a3-0050569b7e95,Landkreis Rostock,13072,Amt Bützow-Land,130725252,Tarnow,130725252104,Tarnow,,,,,,
53.764130945066746,12.024462435824958,91f41f3a-f580-11e4-a7a4-0050569b7e95,Landkreis Rostock,13072,Amt Bützow-Land,130725252,Tarnow,130725252104,Tarnow,,,,,,
53.766626482495425,12.022880691490446,91f42930-f580-11e4-a7a5-0050569b7e95,Landkreis Rostock,13072,Amt Bützow-Land,130725252,Tarnow,130725252104,Tarnow,,,,,,
53.770131262326977,12.014624823384306,91f43330-f580-11e4-a7a6-0050569b7e95,Landkreis Rostock,13072,Amt Bützow-Land,130725252,Tarnow,130725252104,Tarnow,,,,,,
53.873671564371634,12.217909127164315,24a3b796-d3ca-11e5-96ab-0050569b7e95,Landkreis Rostock,13072,Amt Güstrow-Land,130725255,Sarmstorf,130725255092,Bredentin,,,,,,
53.871653652569996,12.221795408208738,24b1bc06-d3ca-11e5-96ac-0050569b7e95,Landkreis Rostock,13072,Amt Güstrow-Land,130725255,Sarmstorf,130725255092,Bredentin,,,,,,
53.876214662416956,12.215423736979556,24bfc0c6-d3ca-11e5-96ad-0050569b7e95,Landkreis Rostock,13072,Amt Güstrow-Land,130725255,Mistorf,130725255071,Siemitz,,,,,,
54.027853026250121,11.625610432489621,91f499b0-f580-11e4-a7af-0050569b7e95,Landkreis Rostock,13072,Amt Neubukow-Salzhaff,130725259,Am Salzhaff,130725259005,Rakow-Teßmannsdorf,,,,,,
54.030834986077238,11.627391659067737,91f4a356-f580-11e4-a7b0-0050569b7e95,Landkreis Rostock,13072,Amt Neubukow-Salzhaff,130725259,Am Salzhaff,130725259005,Rakow-Teßmannsdorf,,,,,,
54.01500653059675,11.683500132743745,51237dce-d3e8-11e5-96d8-0050569b7e95,Landkreis Rostock,13072,"Neubukow, Stadt",130720217,"Neubukow, Stadt",130720217074,Neubukow,,,,,,
54.066041761253047,11.844176753600941,5133271a-d3e8-11e5-96d9-0050569b7e95,Landkreis Rostock,13072,"Kröpelin, Stadt",130720215,"Kröpelin, Stadt",130720215058,Brusow,,,,,,
54.028057337974367,11.620748603405978,91f4bc56-f580-11e4-a7b3-0050569b7e95,Landkreis Rostock,13072,Amt Neubukow-Salzhaff,130725259,Am Salzhaff,130725259005,Rakow-Teßmannsdorf,,,,,,
54.030234691382439,11.621526230605765,91f4cdfe-f580-11e4-a7b4-0050569b7e95,Landkreis Rostock,13072,Amt Neubukow-Salzhaff,130725259,Am Salzhaff,130725259005,Rakow-Teßmannsdorf,,,,,,
54.068886289111397,11.840993431973972,5141bbcc-d3e8-11e5-96da-0050569b7e95,Landkreis Rostock,13072,"Kröpelin, Stadt",130720215,"Kröpelin, Stadt",130720215058,Brusow,,,,,,
54.16568817703881,12.158992113189887,91f3b540-f580-11e4-a79a-0050569b7e95,Rostock,13003,"Rostock, Hansestadt",130030001,"Rostock, Hansestadt",130030001000,Stuthof,0030,,,,,
53.87223082166858,11.953462167072558,91f4f6f8-f580-11e4-a7b7-0050569b7e95,Landkreis Rostock,13072,Amt Bützow-Land,130725252,"Bützow, Stadt",130725252020,Bützow,,,,,,
53.874615163169523,11.94701421277045,91f506d4-f580-11e4-a7b8-0050569b7e95,Landkreis Rostock,13072,Amt Bützow-Land,130725252,"Bützow, Stadt",130725252020,Bützow,,,,,,
53.877123890219998,11.951814743314207,91f516b0-f580-11e4-a7b9-0050569b7e95,Landkreis Rostock,13072,Amt Bützow-Land,130725252,"Bützow, Stadt",130725252020,Bützow,,,,,,
53.874155068520466,11.952069053576457,91f52736-f580-11e4-a7ba-0050569b7e95,Landkreis Rostock,13072,Amt Bützow-Land,130725252,"Bützow, Stadt",130725252020,Bützow,,,,,,
53.875587629582668,11.949576959826718,91f5371c-f580-11e4-a7bb-0050569b7e95,Landkreis Rostock,13072,Amt Bützow-Land,130725252,"Bützow, Stadt",130725252020,Bützow,,,,,,
53.874510039095398,11.955384345867854,91f54702-f580-11e4-a7bc-0050569b7e95,Landkreis Rostock,13072,Amt Bützow-Land,130725252,"Bützow, Stadt",130725252020,Bützow,,,,,,
53.877051233241815,11.958739677662615,91f55800-f580-11e4-a7bd-0050569b7e95,Landkreis Rostock,13072,Amt Bützow-Land,130725252,"Bützow, Stadt",130725252020,Parkow,,,,,,
53.872739743114145,11.957330332723203,91f5671e-f580-11e4-a7be-0050569b7e95,Landkreis Rostock,13072,Amt Bützow-Land,130725252,"Bützow, Stadt",130725252020,Parkow,,,,,,
53.872288040352316,11.948223827053891,91f57664-f580-11e4-a7bf-0050569b7e95,Landkreis Rostock,13072,Amt Bützow-Land,130725252,"Bützow, Stadt",130725252020,Bützow,,,,,,
53.940405609001353,12.681210791613667,91f5815e-f580-11e4-a7c0-0050569b7e95,Landkreis Rostock,13072,Amt Gnoien,130725254,"Gnoien, Stadt",130725254035,Dölitz,,,,,,
53.938915663843908,12.680263776723043,91f5955e-f580-11e4-a7c1-0050569b7e95,Landkreis Rostock,13072,Amt Gnoien,130725254,"Gnoien, Stadt",130725254035,Dölitz,,,,,,
53.939368069903267,12.677260230134788,91f59f5e-f580-11e4-a7c2-0050569b7e95,Landkreis Rostock,13072,Amt Gnoien,130725254,"Gnoien, Stadt",130725254035,Dölitz,,,,,,
53.939863125001999,12.674308493850774,91f5a922-f580-11e4-a7c3-0050569b7e95,Landkreis Rostock,13072,Amt Gnoien,130725254,"Gnoien, Stadt",130725254035,Dölitz,,,,,,
53.940856709407647,12.678430132735366,91f5b98a-f580-11e4-a7c4-0050569b7e95,Landkreis Rostock,13072,Amt Gnoien,130725254,"Gnoien, Stadt",130725254035,Dölitz,,,,,,
53.941294141183015,12.675636353649031,91f5cd30-f580-11e4-a7c5-0050569b7e95,Landkreis Rostock,13072,Amt Gnoien,130725254,"Gnoien, Stadt",130725254035,Dölitz,,,,,,
54.165350857588592,12.15516198331488,91f3c01c-f580-11e4-a79b-0050569b7e95,Rostock,13003,"Rostock, Hansestadt",130030001,"Rostock, Hansestadt",130030001000,Stuthof,0030,,,,,
54.16410928082658,12.157919846463443,91f3cae4-f580-11e4-a79c-0050569b7e95,Rostock,13003,"Rostock, Hansestadt",130030001,"Rostock, Hansestadt",130030001000,Stuthof,0030,,,,,
54.135066777113167,12.179426679815581,5156b82e-d3e8-11e5-96db-0050569b7e95,Rostock,13003,"Rostock, Hansestadt",130030001,"Rostock, Hansestadt",130030001000,,,,,,,
53.896023886701009,11.941654615145243,f269b52c-d3ca-11e5-96ae-0050569b7e95,Landkreis Rostock,13072,Amt Bützow-Land,130725252,Bernitt,130725252013,Langen Trechow,,,,,,
53.893650572292017,11.935931932878479,f281167c-d3ca-11e5-96af-0050569b7e95,Landkreis Rostock,13072,Amt Bützow-Land,130725252,Bernitt,130725252013,Langen Trechow,,,,,,
53.895178570749621,11.949806714799498,f2979a96-d3ca-11e5-96b0-0050569b7e95,Landkreis Rostock,13072,Amt Bützow-Land,130725252,Bernitt,130725252013,Langen Trechow,,,,,,
53.962355890417022,12.231098294799358,51694a3e-d3e8-11e5-96dc-0050569b7e95,Landkreis Rostock,13072,Amt Laage,130725257,Dolgen am See,130725257027,Kankel,,,,,,
53.964074596761812,12.226826140978556,517731e4-d3e8-11e5-96dd-0050569b7e95,Landkreis Rostock,13072,Dummerstorf,130720212,Dummerstorf,130720212029,Scharstorf,,,,,,
53.962299811631453,12.218065494653507,5186698e-d3e8-11e5-96de-0050569b7e95,Landkreis Rostock,13072,Amt Laage,130725257,Dolgen am See,130725257027,Kankel,,,,,,
53.908821898430894,12.017010160442661,5194cd94-d3e8-11e5-96df-0050569b7e95,Landkreis Rostock,13072,Amt Bützow-Land,130725252,Klein Belitz,130725252053,Passin,,,,,,
53.904769662797285,12.018787909838554,51a2f0ea-d3e8-11e5-96e0-0050569b7e95,Landkreis Rostock,13072,Amt Bützow-Land,130725252,Klein Belitz,130725252053,Passin,,,,,,
53.904555439153881,12.029002906961505,51b0ffaa-d3e8-11e5-96e1-0050569b7e95,Landkreis Rostock,13072,Amt Schwaan,130725261,Vorbeck,130725261110,Kambs,,,,,,
53.905875559246027,12.033217238109053,51c08b64-d3e8-11e5-96e2-0050569b7e95,Landkreis Rostock,13072,Amt Schwaan,130725261,Vorbeck,130725261110,Kambs,,,,,,
53.903010274479378,12.034592402556457,51ce940c-d3e8-11e5-96e3-0050569b7e95,Landkreis Rostock,13072,Amt Schwaan,130725261,Vorbeck,130725261110,Kambs,,,,,,
53.906136738635382,12.038488819878443,51dc7e6e-d3e8-11e5-96e4-0050569b7e95,Landkreis Rostock,13072,Amt Schwaan,130725261,Vorbeck,130725261110,Kambs,,,,,,
53.908638773404057,12.037551373087144,51ea7a5a-d3e8-11e5-96e5-0050569b7e95,Landkreis Rostock,13072,Amt Schwaan,130725261,Vorbeck,130725261110,Kambs,,,,,,
53.907934959674172,12.041624402479368,51f88c30-d3e8-11e5-96e6-0050569b7e95,Landkreis Rostock,13072,Amt Schwaan,130725261,Vorbeck,130725261110,Kambs,,,,,,
53.869649235662095,12.084216848299677,7a953a60-d3ea-11e5-96e7-0050569b7e95,Landkreis Rostock,13072,Amt Schwaan,130725261,Kassow,130725261051,Kassow,,,,,,
54.003137850740281,11.689939255298844,91f68914-f580-11e4-a7d5-0050569b7e95,Landkreis Rostock,13072,Amt Neubukow-Salzhaff,130725259,Carinerland,130725259022,Krempin,,,,,,
54.005439742860901,11.721547296514832,91f6951c-f580-11e4-a7d6-0050569b7e95,Landkreis Rostock,13072,Amt Neubukow-Salzhaff,130725259,Carinerland,130725259022,Krempin,,,,,,
54.003030276531405,11.724443773486854,91f6a6ba-f580-11e4-a7d7-0050569b7e95,Landkreis Rostock,13072,Amt Neubukow-Salzhaff,130725259,Carinerland,130725259022,Krempin,,,,,,
53.999469142230069,11.720168980794432,91f6baec-f580-11e4-a7d8-0050569b7e95,Landkreis Rostock,13072,Amt Neubukow-Salzhaff,130725259,Carinerland,130725259022,Ravensberg,,,,,,
53.866172695773741,12.078275979912325,7aa71adc-d3ea-11e5-96e8-0050569b7e95,Landkreis Rostock,13072,Amt Schwaan,130725261,Kassow,130725261051,Kassow,,,,,,
54.011394747777977,11.685567977512163,91f6cf1e-f580-11e4-a7da-0050569b7e95,Landkreis Rostock,13072,Amt Neubukow-Salzhaff,130725259,Carinerland,130725259022,Krempin,,,,,,
54.009383446582135,11.6882021301163,91f6da2c-f580-11e4-a7db-0050569b7e95,Landkreis Rostock,13072,Amt Neubukow-Salzhaff,130725259,Carinerland,130725259022,Krempin,,,,,,
53.862969907435541,12.079166048056415,7ab59fa8-d3ea-11e5-96e9-0050569b7e95,Landkreis Rostock,13072,Amt Bützow-Land,130725252,Zepelin,130725252120,Oettelin,,,,,,
54.000336056211417,11.726487808268471,91f6f322-f580-11e4-a7dd-0050569b7e95,Landkreis Rostock,13072,Amt Neubukow-Salzhaff,130725259,Carinerland,130725259022,Ravensberg,,,,,,
54.00525644885888,11.686582333549859,91f6fe12-f580-11e4-a7de-0050569b7e95,Landkreis Rostock,13072,Amt Neubukow-Salzhaff,130725259,Carinerland,130725259022,Krempin,,,,,,
53.996746076627865,11.724086016387771,91f709e8-f580-11e4-a7df-0050569b7e95,Landkreis Rostock,13072,Amt Neubukow-Salzhaff,130725259,Carinerland,130725259022,Kamin,,,,,,
54.004740373337491,11.715891736251404,91f7126c-f580-11e4-a7e0-0050569b7e95,Landkreis Rostock,13072,Amt Neubukow-Salzhaff,130725259,Carinerland,130725259022,Krempin,,,,,,
54.002441717270095,11.697804276251647,91f727de-f580-11e4-a7e1-0050569b7e95,Landkreis Rostock,13072,Amt Neubukow-Salzhaff,130725259,Carinerland,130725259022,Krempin,,,,,,
54.000945325982698,11.70270964770582,91f739e0-f580-11e4-a7e2-0050569b7e95,Landkreis Rostock,13072,Amt Neubukow-Salzhaff,130725259,Carinerland,130725259022,Krempin,,,,,,
54.0019226493513,11.717532131372369,91f7471e-f580-11e4-a7e3-0050569b7e95,Landkreis Rostock,13072,Amt Neubukow-Salzhaff,130725259,Carinerland,130725259022,Krempin,,,,,,
53.994959043608269,11.726561686682095,91f75772-f580-11e4-a7e4-0050569b7e95,Landkreis Rostock,13072,Amt Neubukow-Salzhaff,130725259,Carinerland,130725259022,Kamin,,,,,,
53.83347027057544,12.481095642267544,91f761cc-f580-11e4-a7e5-0050569b7e95,Landkreis Rostock,13072,Amt Mecklenburgische Schweiz,130725258,Warnkenhagen,130725258113,Gottin,,,,,,
53.827753471468213,12.471743458446845,91f77b9e-f580-11e4-a7e6-0050569b7e95,Landkreis Rostock,13072,Amt Mecklenburgische Schweiz,130725258,Dalkendorf,130725258024,Amalienhof,,,,,,
53.831829761496572,12.493925251942716,91f78b84-f580-11e4-a7e7-0050569b7e95,Landkreis Rostock,13072,Amt Mecklenburgische Schweiz,130725258,Warnkenhagen,130725258113,Gottin,,,,,,
53.823762992716006,12.463337937151406,91f7ab6e-f580-11e4-a7e8-0050569b7e95,Landkreis Rostock,13072,Amt Mecklenburgische Schweiz,130725258,Dalkendorf,130725258024,Bartelshagen,,,,,,
53.825208843016505,12.469370382605327,91f7ba28-f580-11e4-a7e9-0050569b7e95,Landkreis Rostock,13072,Amt Mecklenburgische Schweiz,130725258,Dalkendorf,130725258024,Bartelshagen,,,,,,
53.826455977147823,12.465183995771895,91f7c84c-f580-11e4-a7ea-0050569b7e95,Landkreis Rostock,13072,Amt Mecklenburgische Schweiz,130725258,Dalkendorf,130725258024,Bartelshagen,,,,,,
53.835482560418491,12.496054131008606,91f7d206-f580-11e4-a7eb-0050569b7e95,Landkreis Rostock,13072,Amt Mecklenburgische Schweiz,130725258,Warnkenhagen,130725258113,Gottin,,,,,,
53.860207674478787,12.081964708524282,7ac5fdda-d3ea-11e5-96ea-0050569b7e95,Landkreis Rostock,13072,Amt Bützow-Land,130725252,Zepelin,130725252120,Oettelin,,,,,,
53.831120667184365,12.496352633868861,91f7e476-f580-11e4-a7ec-0050569b7e95,Landkreis Rostock,13072,Amt Mecklenburgische Schweiz,130725258,Dalkendorf,130725258024,Amalienhof,,,,,,
53.834414989574043,12.491971961864783,91f7ee3a-f580-11e4-a7ed-0050569b7e95,Landkreis Rostock,13072,Amt Mecklenburgische Schweiz,130725258,Warnkenhagen,130725258113,Gottin,,,,,,
53.833580684181783,12.486228307545318,91f80000-f580-11e4-a7ee-0050569b7e95,Landkreis Rostock,13072,Amt Mecklenburgische Schweiz,130725258,Warnkenhagen,130725258113,Gottin,,,,,,
53.880834318303485,12.117355127184748,91f454c8-f580-11e4-a7a9-0050569b7e95,Landkreis Rostock,13072,Amt Schwaan,130725261,Kassow,130725261051,Werle,,Hof,00204,,,
53.880277591285711,12.119672406108714,91f46288-f580-11e4-a7aa-0050569b7e95,Landkreis Rostock,13072,Amt Schwaan,130725261,Kassow,130725261051,Werle,,Hof,00204,,,
54.034264745545897,12.194738709119854,91ef68b4-f580-11e4-a740-0050569b7e95,Landkreis Rostock,13072,Dummerstorf,130720212,Dummerstorf,130720212029,Hohen Schwarfs,,,,,,
54.030496383003261,12.187750692207347,91ef7408-f580-11e4-a741-0050569b7e95,Landkreis Rostock,13072,Dummerstorf,130720212,Dummerstorf,130720212029,Hohen Schwarfs,,,,,,
54.031270592755696,12.194471810755701,91ef9654-f580-11e4-a743-0050569b7e95,Landkreis Rostock,13072,Dummerstorf,130720212,Dummerstorf,130720212029,Hohen Schwarfs,,,,,,
54.034059942119548,12.189773702801737,91efa7a2-f580-11e4-a744-0050569b7e95,Landkreis Rostock,13072,Dummerstorf,130720212,Dummerstorf,130720212029,Hohen Schwarfs,,,,,,
54.015357380410713,12.169617144264231,91f03140-f580-11e4-a74e-0050569b7e95,Landkreis Rostock,13072,Dummerstorf,130720212,Dummerstorf,130720212029,Damm,,,,,,
54.023075874737742,12.180492557254908,91f03fa0-f580-11e4-a74f-0050569b7e95,Landkreis Rostock,13072,Dummerstorf,130720212,Dummerstorf,130720212029,Kavelstorf,,,,,,
54.02116294524496,12.175578571630313,91f04914-f580-11e4-a750-0050569b7e95,Landkreis Rostock,13072,Dummerstorf,130720212,Dummerstorf,130720212029,Niex,,,,,,
54.016637037713018,12.166506495378986,91f05292-f580-11e4-a751-0050569b7e95,Landkreis Rostock,13072,Dummerstorf,130720212,Dummerstorf,130720212029,Damm,,,,,,
54.01940175628792,12.170315441897099,91f06610-f580-11e4-a753-0050569b7e95,Landkreis Rostock,13072,Dummerstorf,130720212,Dummerstorf,130720212029,Niex,,,,,,
54.014958922497406,12.1841265155198,91f08136-f580-11e4-a755-0050569b7e95,Landkreis Rostock,13072,Dummerstorf,130720212,Dummerstorf,130720212029,Kavelstorf,,,,,,
54.018957698628178,12.167144460837333,91f05c7e-f580-11e4-a752-0050569b7e95,Landkreis Rostock,13072,Dummerstorf,130720212,Dummerstorf,130720212029,Niex,,,,,,
53.998488845114288,12.172292675386888,91f32288-f580-11e4-a78e-0050569b7e95,Landkreis Rostock,13072,Dummerstorf,130720212,Dummerstorf,130720212029,Reez,,,,,,
53.996804658776767,12.173636453971845,91f32c88-f580-11e4-a78f-0050569b7e95,Landkreis Rostock,13072,Dummerstorf,130720212,Dummerstorf,130720212029,Reez,,,,,,
54.00034629548076,12.172518651765206,91f3367e-f580-11e4-a790-0050569b7e95,Landkreis Rostock,13072,Dummerstorf,130720212,Dummerstorf,130720212029,Reez,,,,,,
54.017860432739866,12.170417194126449,91f07074-f580-11e4-a754-0050569b7e95,Landkreis Rostock,13072,Dummerstorf,130720212,Dummerstorf,130720212029,Niex,,Nordenscher Weg,02306,,,
54.168899973773364,12.013788483693514,91ee7c9c-f580-11e4-a72a-0050569b7e95,Rostock,13003,"Rostock, Hansestadt",130030001,"Rostock, Hansestadt",130030001000,Diedrichshagen,0002,,,,,
54.168539343439846,12.018521349131799,91ee85b6-f580-11e4-a72b-0050569b7e95,Rostock,13003,"Rostock, Hansestadt",130030001,"Rostock, Hansestadt",130030001000,Diedrichshagen,0002,,,,,
54.166648248409636,12.017779440328686,91ee8f2a-f580-11e4-a72c-0050569b7e95,Rostock,13003,"Rostock, Hansestadt",130030001,"Rostock, Hansestadt",130030001000,Diedrichshagen,0002,,,,,
54.170255024971183,12.015797197511189,91ee9844-f580-11e4-a72d-0050569b7e95,Rostock,13003,"Rostock, Hansestadt",130030001,"Rostock, Hansestadt",130030001000,Diedrichshagen,0002,,,,,
54.161780679897511,12.131798108522565,91efb558-f580-11e4-a745-0050569b7e95,Rostock,13003,"Rostock, Hansestadt",130030001,"Rostock, Hansestadt",130030001000,Stuthof,0030,,,,,
54.163749892437011,12.154137950506367,91f39fb0-f580-11e4-a798-0050569b7e95,Rostock,13003,"Rostock, Hansestadt",130030001,"Rostock, Hansestadt",130030001000,Stuthof,0030,,,,,
54.166942234500191,12.156226584196457,91f3aabe-f580-11e4-a799-0050569b7e95,Rostock,13003,"Rostock, Hansestadt",130030001,"Rostock, Hansestadt",130030001000,Stuthof,0030,,,,,
54.171715209416924,12.018217413745271,91ee65ea-f580-11e4-a728-0050569b7e95,Rostock,13003,"Rostock, Hansestadt",130030001,"Rostock, Hansestadt",130030001000,Diedrichshagen,0002,Stolteraer Weg,08770,,,
54.071464003759424,11.766580017675409,91f5dbfe-f580-11e4-a7c6-0050569b7e95,Landkreis Rostock,13072,"Kröpelin, Stadt",130720215,"Kröpelin, Stadt",130720215058,Hanshagen,,,,,,
54.084184886403932,11.75501098402226,91f5ea0e-f580-11e4-a7c7-0050569b7e95,Landkreis Rostock,13072,"Kröpelin, Stadt",130720215,"Kröpelin, Stadt",130720215058,Boldenshagen,,,,,,
54.053606929433592,12.011679015836929,91f47200-f580-11e4-a7ab-0050569b7e95,Landkreis Rostock,13072,Amt Warnow-West,130725263,Stäbelow,130725263098,Wilsen,,,,,,
53.852401029814047,12.079175425395574,7ad651da-d3ea-11e5-96eb-0050569b7e95,Landkreis Rostock,13072,Amt Güstrow-Land,130725255,Groß Schwiesow,130725255039,Groß Schwiesow,,,,,,
53.857372190917339,12.093555545162953,7ae9e448-d3ea-11e5-96ec-0050569b7e95,Landkreis Rostock,13072,Amt Güstrow-Land,130725255,Groß Schwiesow,130725255039,Groß Schwiesow,,,,,,
53.860177814176488,12.091057878351132,7afa6084-d3ea-11e5-96ed-0050569b7e95,Landkreis Rostock,13072,Amt Güstrow-Land,130725255,Groß Schwiesow,130725255039,Groß Schwiesow,,,,,,
53.865371156263471,12.09542524720392,7b09d64a-d3ea-11e5-96ee-0050569b7e95,Landkreis Rostock,13072,Amt Schwaan,130725261,Kassow,130725261051,Kassow,,,,,,
53.865978260050582,12.104233012698703,7b19d2ac-d3ea-11e5-96ef-0050569b7e95,Landkreis Rostock,13072,Amt Schwaan,130725261,Kassow,130725261051,Kassow,,,,,,
53.856543260744175,12.08155323607569,7b29a128-d3ea-11e5-96f0-0050569b7e95,Landkreis Rostock,13072,Amt Bützow-Land,130725252,Zepelin,130725252120,Oettelin,,,,,,
53.79217492676711,12.227736446310473,d74c6f62-d3ea-11e5-96f1-0050569b7e95,Landkreis Rostock,13072,"Güstrow, Barlachstadt",130720214,"Güstrow, Barlachstadt",130720214043,Primerburg,,,,,,
53.881079840674808,11.921036561871707,69cb7474-d3cc-11e5-96b1-0050569b7e95,Landkreis Rostock,13072,Amt Bützow-Land,130725252,Bernitt,130725252013,Kurzen Trechow,,,,,,
53.88337932179293,11.923060824370442,69dafeee-d3cc-11e5-96b2-0050569b7e95,Landkreis Rostock,13072,Amt Bützow-Land,130725252,Bernitt,130725252013,Kurzen Trechow,,,,,,
53.884439516130129,11.918219027527586,69fdaf98-d3cc-11e5-96b4-0050569b7e95,Landkreis Rostock,13072,Amt Bützow-Land,130725252,Bernitt,130725252013,Kurzen Trechow,,,,,,
53.882626685420483,11.914257090558138,6a101eee-d3cc-11e5-96b5-0050569b7e95,Landkreis Rostock,13072,Amt Bützow-Land,130725252,Bernitt,130725252013,Kurzen Trechow,,,,,,
54.073967135674749,12.400957637407705,91f217d0-f580-11e4-a778-0050569b7e95,Landkreis Rostock,13072,Sanitz,130720218,Sanitz,130720218091,Oberhof,,Oberhof,00209,,,
54.072740977420288,12.400794489084568,91f22a4a-f580-11e4-a779-0050569b7e95,Landkreis Rostock,13072,Sanitz,130720218,Sanitz,130720218091,Oberhof,,Oberhof,00209,,,
54.069584685773073,11.76795690370955,91f5f062-f580-11e4-a7c8-0050569b7e95,Landkreis Rostock,13072,"Kröpelin, Stadt",130720215,"Kröpelin, Stadt",130720215058,Hanshagen,,,,,,
54.073948290758487,11.763364335682423,91f5fe40-f580-11e4-a7c9-0050569b7e95,Landkreis Rostock,13072,"Kröpelin, Stadt",130720215,"Kröpelin, Stadt",130720215058,Hanshagen,,,,,,
54.085532643051792,11.753553967774133,91f6061a-f580-11e4-a7ca-0050569b7e95,Landkreis Rostock,13072,"Kröpelin, Stadt",130720215,"Kröpelin, Stadt",130720215058,Boldenshagen,,,,,,
54.068273416759681,11.769665723865053,91f60c82-f580-11e4-a7cb-0050569b7e95,Landkreis Rostock,13072,"Kröpelin, Stadt",130720215,"Kröpelin, Stadt",130720215058,Hanshagen,,,,,,
54.073586640954716,11.771650229250064,91f62348-f580-11e4-a7cc-0050569b7e95,Landkreis Rostock,13072,"Kröpelin, Stadt",130720215,"Kröpelin, Stadt",130720215058,Kröpelin,,,,,,
54.072585374056104,11.762445000273001,91f62e06-f580-11e4-a7cd-0050569b7e95,Landkreis Rostock,13072,"Kröpelin, Stadt",130720215,"Kröpelin, Stadt",130720215058,Hanshagen,,,,,,
54.070296051541987,11.762533049754358,91f63676-f580-11e4-a7ce-0050569b7e95,Landkreis Rostock,13072,"Kröpelin, Stadt",130720215,"Kröpelin, Stadt",130720215058,Hanshagen,,,,,,
54.080037120168249,11.752804559236633,91f63d38-f580-11e4-a7cf-0050569b7e95,Landkreis Rostock,13072,"Kröpelin, Stadt",130720215,"Kröpelin, Stadt",130720215058,Boldenshagen,,,,,,
54.081525663411298,11.751551946603875,91f646a2-f580-11e4-a7d0-0050569b7e95,Landkreis Rostock,13072,"Kröpelin, Stadt",130720215,"Kröpelin, Stadt",130720215058,Boldenshagen,,,,,,
54.083044945534716,11.750333326551155,91f64f6c-f580-11e4-a7d1-0050569b7e95,Landkreis Rostock,13072,"Kröpelin, Stadt",130720215,"Kröpelin, Stadt",130720215058,Boldenshagen,,,,,,
54.082478697910908,11.756748929105431,91f65fe8-f580-11e4-a7d2-0050569b7e95,Landkreis Rostock,13072,"Kröpelin, Stadt",130720215,"Kröpelin, Stadt",130720215058,Boldenshagen,,,,,,
54.071452260869485,11.774459214495831,91f67262-f580-11e4-a7d3-0050569b7e95,Landkreis Rostock,13072,"Kröpelin, Stadt",130720215,"Kröpelin, Stadt",130720215058,Kröpelin,,,,,,
54.073138364278741,11.767410296762979,91f67a28-f580-11e4-a7d4-0050569b7e95,Landkreis Rostock,13072,"Kröpelin, Stadt",130720215,"Kröpelin, Stadt",130720215058,Hanshagen,,,,,,
53.951613255805668,11.86635561615644,91f301b8-f580-11e4-a78b-0050569b7e95,Landkreis Rostock,13072,Satow,130720219,Satow,130720219093,Radegast,,,,,,
53.955428736631781,11.862452566572438,91f30d52-f580-11e4-a78c-0050569b7e95,Landkreis Rostock,13072,Satow,130720219,Satow,130720219093,Radegast,,,,,,
53.95871990146054,11.871747477643767,91f31888-f580-11e4-a78d-0050569b7e95,Landkreis Rostock,13072,Satow,130720219,Satow,130720219093,Radegast,,,,,,
53.969781216715361,11.876535200477008,91f35640-f580-11e4-a793-0050569b7e95,Landkreis Rostock,13072,Satow,130720219,Satow,130720219093,Satow,,,,,,
53.968697048673697,11.876691237487242,91f362ca-f580-11e4-a794-0050569b7e95,Landkreis Rostock,13072,Satow,130720219,Satow,130720219093,Satow,,,,,,
53.97055104473003,11.884762216074979,91f37b20-f580-11e4-a795-0050569b7e95,Landkreis Rostock,13072,Satow,130720219,Satow,130720219093,Satow,,,,,,
54.023386800772478,11.627434726032234,91f47a2a-f580-11e4-a7ac-0050569b7e95,Landkreis Rostock,13072,"Neubukow, Stadt",130720217,"Neubukow, Stadt",130720217074,Buschmühlen,,,,,,
54.025634487334933,11.639591564039554,91f48236-f580-11e4-a7ad-0050569b7e95,Landkreis Rostock,13072,"Neubukow, Stadt",130720217,"Neubukow, Stadt",130720217074,Buschmühlen,,,,,,
54.030441295846849,11.633171863441991,91f48d12-f580-11e4-a7ae-0050569b7e95,Landkreis Rostock,13072,"Neubukow, Stadt",130720217,"Neubukow, Stadt",130720217074,Buschmühlen,,,,,,
54.028688014797169,11.639981035753943,91f4aa86-f580-11e4-a7b1-0050569b7e95,Landkreis Rostock,13072,"Neubukow, Stadt",130720217,"Neubukow, Stadt",130720217074,Buschmühlen,,,,,,
53.886514819146541,11.913096479257426,6a210e16-d3cc-11e5-96b6-0050569b7e95,Landkreis Rostock,13072,Amt Bützow-Land,130725252,Bernitt,130725252013,Kurzen Trechow,,,,,,
53.887733261875532,11.91717105874373,6a2eec84-d3cc-11e5-96b7-0050569b7e95,Landkreis Rostock,13072,Amt Bützow-Land,130725252,Bernitt,130725252013,Kurzen Trechow,,,,,,
53.890199737038969,11.921753914510111,6a3cf680-d3cc-11e5-96b8-0050569b7e95,Landkreis Rostock,13072,Amt Bützow-Land,130725252,Bernitt,130725252013,Langen Trechow,,,,,,
53.8930547533162,11.928074154117969,6a4abb4e-d3cc-11e5-96b9-0050569b7e95,Landkreis Rostock,13072,Amt Bützow-Land,130725252,Bernitt,130725252013,Langen Trechow,,,,,,
53.895518834568328,11.930601499530379,6a58833c-d3cc-11e5-96ba-0050569b7e95,Landkreis Rostock,13072,Amt Bützow-Land,130725252,Bernitt,130725252013,Langen Trechow,,,,,,
53.886282910658764,11.924166941663277,69ec55f4-d3cc-11e5-96b3-0050569b7e95,Landkreis Rostock,13072,Amt Bützow-Land,130725252,Bernitt,130725252013,Langen Trechow,,,,,,
53.833790634104048,12.320863083130099,8d00bc90-d3f1-11e5-96f4-0050569b7e95,Landkreis Rostock,13072,Amt Güstrow-Land,130725255,Plaaz,130725255079,Zapkendorf,,,,,,
54.021480964817187,11.637220677686688,91f4b350-f580-11e4-a7b2-0050569b7e95,Landkreis Rostock,13072,"Neubukow, Stadt",130720217,"Neubukow, Stadt",130720217074,Buschmühlen,,,,,,
54.025014909392155,11.632678249047661,91f4db78-f580-11e4-a7b5-0050569b7e95,Landkreis Rostock,13072,"Neubukow, Stadt",130720217,"Neubukow, Stadt",130720217074,Buschmühlen,,,,,,
54.027744789545864,11.633287621334581,91f4e3ca-f580-11e4-a7b6-0050569b7e95,Landkreis Rostock,13072,"Neubukow, Stadt",130720217,"Neubukow, Stadt",130720217074,Buschmühlen,,,,,,
54.018170735656703,11.684183606133027,91f6c320-f580-11e4-a7d9-0050569b7e95,Landkreis Rostock,13072,"Neubukow, Stadt",130720217,"Neubukow, Stadt",130720217074,Neubukow,,,,,,
54.002632100467196,11.683460962288052,91f6e3aa-f580-11e4-a7dc-0050569b7e95,Landkreis Rostock,13072,"Neubukow, Stadt",130720217,"Neubukow, Stadt",130720217074,Panzow,,,,,,
53.889896813973564,11.911938704836114,6c8a8870-d3cd-11e5-96bb-0050569b7e95,Landkreis Rostock,13072,Amt Bützow-Land,130725252,Bernitt,130725252013,Bernitt,,,,,,
53.891694815848119,11.916896388024206,6c9dd916-d3cd-11e5-96bc-0050569b7e95,Landkreis Rostock,13072,Amt Bützow-Land,130725252,Bernitt,130725252013,Bernitt,,,,,,
53.893050891521384,11.91254581624203,6cb411b8-d3cd-11e5-96bd-0050569b7e95,Landkreis Rostock,13072,Amt Bützow-Land,130725252,Bernitt,130725252013,Bernitt,,,,,,
53.894631824159994,11.922456320842279,6cc40672-d3cd-11e5-96be-0050569b7e95,Landkreis Rostock,13072,Amt Bützow-Land,130725252,Bernitt,130725252013,Bernitt,,,,,,
53.896122107493191,11.918987075679253,6cd320a8-d3cd-11e5-96bf-0050569b7e95,Landkreis Rostock,13072,Amt Bützow-Land,130725252,Bernitt,130725252013,Bernitt,,,,,,
53.89720753385761,11.926569380819044,6ce2c558-d3cd-11e5-96c0-0050569b7e95,Landkreis Rostock,13072,Amt Bützow-Land,130725252,Bernitt,130725252013,Bernitt,,,,,,
53.899312556292855,11.923774837707297,6cf22c14-d3cd-11e5-96c1-0050569b7e95,Landkreis Rostock,13072,Amt Bützow-Land,130725252,Bernitt,130725252013,Bernitt,,,,,,
53.850540173161988,12.120638085233328,c87f202e-d3db-11e5-96c2-0050569b7e95,Landkreis Rostock,13072,Amt Güstrow-Land,130725255,Groß Schwiesow,130725255039,Groß Schwiesow,,,,,,
54.10430735067694,12.242547126729702,913af956-d3dd-11e5-96c3-0050569b7e95,Landkreis Rostock,13072,Amt Rostocker Heide,130725260,Bentwisch,130725260012,Albertsdorf,,,,,,
54.10180660740194,12.247299562984754,914a2052-d3dd-11e5-96c4-0050569b7e95,Landkreis Rostock,13072,Amt Carbäk,130725253,Broderstorf,130725253019,Pastow,,,,,,
54.099891948961655,12.24316156379899,91584e8e-d3dd-11e5-96c5-0050569b7e95,Landkreis Rostock,13072,Amt Carbäk,130725253,Broderstorf,130725253019,Pastow,,,,,,
53.897324201696819,12.128735407698482,4b40d986-d3e0-11e5-96c6-0050569b7e95,Landkreis Rostock,13072,Amt Schwaan,130725261,Rukieten,130725261090,Rukieten,,,,,,
53.897039109256411,12.134325889374283,4b57c498-d3e0-11e5-96c7-0050569b7e95,Landkreis Rostock,13072,Amt Schwaan,130725261,Rukieten,130725261090,Rukieten,,,,,,
53.900170374625425,12.131427075040513,4b6dd1fc-d3e0-11e5-96c8-0050569b7e95,Landkreis Rostock,13072,Amt Schwaan,130725261,Rukieten,130725261090,Rukieten,,,,,,
53.903226879523537,12.130407080166087,4b7c2126-d3e0-11e5-96c9-0050569b7e95,Landkreis Rostock,13072,Amt Schwaan,130725261,Rukieten,130725261090,Rukieten,,,,,,
53.907710102026847,12.135266626025233,4b8acaaa-d3e0-11e5-96ca-0050569b7e95,Landkreis Rostock,13072,Amt Schwaan,130725261,Rukieten,130725261090,Rukieten,,,,,,
53.904836024466725,12.140174263500107,4b9b0b68-d3e0-11e5-96cb-0050569b7e95,Landkreis Rostock,13072,Amt Schwaan,130725261,Rukieten,130725261090,Rukieten,,,,,,
53.908230076718219,12.142019215173066,4bad7b40-d3e0-11e5-96cc-0050569b7e95,Landkreis Rostock,13072,Amt Schwaan,130725261,Rukieten,130725261090,Rukieten,,,,,,
53.89420314396466,12.129557227079511,4bc123ac-d3e0-11e5-96cd-0050569b7e95,Landkreis Rostock,13072,Amt Güstrow-Land,130725255,Mistorf,130725255071,Mistorf,,,,,,
53.893503550457886,12.135327577509248,4bcf3e7e-d3e0-11e5-96ce-0050569b7e95,Landkreis Rostock,13072,Amt Güstrow-Land,130725255,Mistorf,130725255071,Mistorf,,,,,,
53.890682977726854,12.129950543043796,4bde0904-d3e0-11e5-96cf-0050569b7e95,Landkreis Rostock,13072,Amt Güstrow-Land,130725255,Mistorf,130725255071,Mistorf,,,,,,
53.969473521327131,11.880136029875418,a840a67a-d3e0-11e5-96d0-0050569b7e95,Landkreis Rostock,13072,Satow,130720219,Satow,130720219093,Satow,,,,,,
53.970508885104188,11.887664835536892,a858efb4-d3e0-11e5-96d1-0050569b7e95,Landkreis Rostock,13072,Satow,130720219,Satow,130720219093,Satow,,,,,,
53.767129319272144,12.010023054134718,eaf8beb0-d3e2-11e5-96d2-0050569b7e95,Landkreis Rostock,13072,Amt Bützow-Land,130725252,Tarnow,130725252104,Tarnow,,,,,,
54.052601972809072,12.015459733934261,78501fe2-d3e3-11e5-96d3-0050569b7e95,Landkreis Rostock,13072,Amt Warnow-West,130725263,Stäbelow,130725263098,Wilsen,,,,,,
54.050714900156308,12.011539896348818,785dcd40-d3e3-11e5-96d4-0050569b7e95,Landkreis Rostock,13072,Amt Warnow-West,130725263,Stäbelow,130725263098,Wilsen,,,,,,
54.051078582424118,11.997160355706518,51661354-d3e4-11e5-96d5-0050569b7e95,Landkreis Rostock,13072,Satow,130720219,Satow,130720219093,Konow,,,,,,
54.049036187960489,11.994586592150103,5172f830-d3e4-11e5-96d6-0050569b7e95,Landkreis Rostock,13072,Satow,130720219,Satow,130720219093,Konow,,,,,,
53.876686162914851,11.955173250107588,517fdff0-d3e4-11e5-96d7-0050569b7e95,Landkreis Rostock,13072,Amt Bützow-Land,130725252,"Bützow, Stadt",130725252020,Bützow,,,,,,
53.83284298245075,12.308144567736324,8cd7a7c4-d3f1-11e5-96f2-0050569b7e95,Landkreis Rostock,13072,Amt Güstrow-Land,130725255,Glasewitz,130725255033,Glasewitz,,,,,,
53.833360339052064,12.314440407108181,8cf1779e-d3f1-11e5-96f3-0050569b7e95,Landkreis Rostock,13072,Amt Güstrow-Land,130725255,Plaaz,130725255079,Zapkendorf,,,,,,
53.831165233174254,12.31960754281865,8d0fc2c6-d3f1-11e5-96f5-0050569b7e95,Landkreis Rostock,13072,Amt Güstrow-Land,130725255,Plaaz,130725255079,Wendorf,,,,,,
53.82809815717858,12.314625831525593,8d1f6fd2-d3f1-11e5-96f6-0050569b7e95,Landkreis Rostock,13072,Amt Güstrow-Land,130725255,Plaaz,130725255079,Wendorf,,,,,,
53.827337625978771,12.309466668798263,8d2f2cd8-d3f1-11e5-96f7-0050569b7e95,Landkreis Rostock,13072,Amt Güstrow-Land,130725255,Glasewitz,130725255033,Glasewitz,,,,,,
53.826589322902528,12.304064679476406,8d441256-d3f1-11e5-96f8-0050569b7e95,Landkreis Rostock,13072,Amt Güstrow-Land,130725255,Glasewitz,130725255033,Glasewitz,,,,,,
53.822807501709939,12.30715347038228,8d5b2022-d3f1-11e5-96f9-0050569b7e95,Landkreis Rostock,13072,Amt Güstrow-Land,130725255,Glasewitz,130725255033,Glasewitz,,,,,,
53.82930785854635,12.30228518230393,8d74437c-d3f1-11e5-96fa-0050569b7e95,Landkreis Rostock,13072,Amt Güstrow-Land,130725255,Glasewitz,130725255033,Glasewitz,,,,,,
53.924424040322741,12.553013851845137,4100b150-d3f2-11e5-96fb-0050569b7e95,Landkreis Rostock,13072,Amt Gnoien,130725254,Walkendorf,130725254111,Dalwitz,,,,,,
53.921232012155208,12.549316546880039,41197ece-d3f2-11e5-96fc-0050569b7e95,Landkreis Rostock,13072,Amt Gnoien,130725254,Walkendorf,130725254111,Dalwitz,,,,,,
53.918813809086707,12.550186467195934,412b802e-d3f2-11e5-96fd-0050569b7e95,Landkreis Rostock,13072,Amt Mecklenburgische Schweiz,130725258,Schwasdorf,130725258096,Stierow,,,,,,
53.915509658343169,12.549773181556453,413dd51c-d3f2-11e5-96fe-0050569b7e95,Landkreis Rostock,13072,Amt Mecklenburgische Schweiz,130725258,Schwasdorf,130725258096,Stierow,,,,,,
53.912502883121789,12.549888617546546,4150460c-d3f2-11e5-96ff-0050569b7e95,Landkreis Rostock,13072,Amt Mecklenburgische Schweiz,130725258,Groß Wüstenfelde,130725258041,Vietschow,,,,,,
53.914111920981981,12.539236314246724,416325d8-d3f2-11e5-9700-0050569b7e95,Landkreis Rostock,13072,Amt Gnoien,130725254,Walkendorf,130725254111,Dalwitz,,,,,,
53.917270494819384,12.539535954605888,4175b2a2-d3f2-11e5-9701-0050569b7e95,Landkreis Rostock,13072,Amt Gnoien,130725254,Walkendorf,130725254111,Dalwitz,,,,,,
53.919814596093062,12.539568344455565,41886848-d3f2-11e5-9702-0050569b7e95,Landkreis Rostock,13072,Amt Gnoien,130725254,Walkendorf,130725254111,Dalwitz,,,,,,
53.92029255108605,12.534927969186318,419b52aa-d3f2-11e5-9703-0050569b7e95,Landkreis Rostock,13072,Amt Gnoien,130725254,Walkendorf,130725254111,Dalwitz,,,,,,
